combined_aircraft_type,total_accidents,total_fatal,total_severe_damage,fatal_accident_rate_%,severe_damage_rate_%
AERO COMMANDER 100,34,6.0,6.0,17.647058823529413,17.647058823529413
AERO COMMANDER S2R,63,6.0,3.0,9.523809523809524,4.761904761904762
AERONCA 11AC,73,12.0,18.0,16.43835616438356,24.65753424657534
AERONCA 15AC,31,1.0,3.0,3.225806451612903,9.67741935483871
AERONCA 7AC,232,41.0,65.0,17.67241379310345,28.01724137931034
AERONCA 7BCM,31,5.0,8.0,16.129032258064516,25.806451612903224
AIR TRACTOR AT-301,136,15.0,14.0,11.029411764705882,10.294117647058822
AIR TRACTOR AT-401,68,4.0,7.0,5.88235294117647,10.294117647058822
AIR TRACTOR AT-502,58,9.0,8.0,15.517241379310345,13.793103448275861
AIR TRACTOR AT-502B,45,6.0,3.0,13.333333333333334,6.666666666666667
AIR TRACTOR AT-602,25,5.0,2.0,20.0,8.0
AIR TRACTOR AT301,30,2.0,4.0,6.666666666666667,13.333333333333334
AIR TRACTOR AT502,36,16.0,7.0,44.44444444444444,19.444444444444446
AIR TRACTOR INC AT-301,27,2.0,6.0,7.4074074074074066,22.22222222222222
AIR TRACTOR INC AT-502B,26,2.0,3.0,7.6923076923076925,11.538461538461538
AIR TRACTOR INC AT-602,26,7.0,6.0,26.923076923076923,23.076923076923077
AMERICAN AA-1,28,4.0,13.0,14.285714285714285,46.42857142857143
AVIAT A-1,28,5.0,6.0,17.857142857142858,21.428571428571427
AVIAT A-1B,34,4.0,4.0,11.76470588235294,11.76470588235294
AYRES S2R,55,14.0,6.0,25.454545454545453,10.909090909090908
AYRES S2R-T34,40,11.0,5.0,27.500000000000004,12.5
BEECH 1900C,33,65.0,8.0,196.96969696969697,24.242424242424242
BEECH 1900D,46,58.0,0.0,126.08695652173914,0.0
BEECH 200,75,124.0,8.0,165.33333333333334,10.666666666666668
BEECH 23,84,23.0,25.0,27.380952380952383,29.761904761904763
BEECH 35,124,43.0,49.0,34.67741935483871,39.516129032258064
BEECH 35-B33,28,18.0,14.0,64.28571428571429,50.0
BEECH 36,53,22.0,2.0,41.509433962264154,3.7735849056603774
BEECH 55,33,8.0,2.0,24.242424242424242,6.0606060606060606
BEECH 58,208,194.0,37.0,93.26923076923077,17.78846153846154
BEECH 58P,57,52.0,13.0,91.22807017543859,22.807017543859647
BEECH 76,60,22.0,13.0,36.666666666666664,21.666666666666668
BEECH 77,45,12.0,12.0,26.666666666666668,26.666666666666668
BEECH 95,32,30.0,6.0,93.75,18.75
BEECH 95-B55,94,98.0,11.0,104.25531914893618,11.702127659574469
BEECH 95-C55,32,18.0,10.0,56.25,31.25
BEECH A-36,43,44.0,14.0,102.32558139534885,32.55813953488372
BEECH A23,49,19.0,18.0,38.775510204081634,36.734693877551024
BEECH A23-24,28,9.0,6.0,32.142857142857146,21.428571428571427
BEECH A35,41,25.0,9.0,60.97560975609756,21.951219512195124
BEECH A36,366,279.0,89.0,76.22950819672131,24.316939890710383
BEECH A36TC,64,70.0,34.0,109.375,53.125
BEECH B19,45,5.0,2.0,11.11111111111111,4.444444444444445
BEECH B200,28,30.0,19.0,107.14285714285714,67.85714285714286
BEECH B23,28,11.0,8.0,39.285714285714285,28.57142857142857
BEECH B35,32,9.0,8.0,28.125,25.0
BEECH B36TC,48,34.0,12.0,70.83333333333334,25.0
BEECH BE-58,25,15.0,2.0,60.0,8.0
BEECH C23,153,65.0,30.0,42.48366013071895,19.607843137254903
BEECH C24R,50,24.0,10.0,48.0,20.0
BEECH C35,51,30.0,11.0,58.82352941176471,21.568627450980394
BEECH C90,48,50.0,9.0,104.16666666666667,18.75
BEECH D35,25,9.0,3.0,36.0,12.0
BEECH E18S,50,32.0,7.0,64.0,14.000000000000002
BEECH F33A,100,59.0,25.0,59.0,25.0
BEECH F35,27,20.0,1.0,74.07407407407408,3.7037037037037033
BEECH G35,45,26.0,5.0,57.77777777777777,11.11111111111111
BEECH H35,43,18.0,3.0,41.86046511627907,6.976744186046512
BEECH J35,30,21.0,11.0,70.0,36.666666666666664
BEECH K35,43,21.0,14.0,48.837209302325576,32.55813953488372
BEECH M35,29,14.0,6.0,48.275862068965516,20.689655172413794
BEECH N35,26,14.0,2.0,53.84615384615385,7.6923076923076925
BEECH P35,30,16.0,10.0,53.333333333333336,33.33333333333333
BEECH S35,56,53.0,9.0,94.64285714285714,16.071428571428573
BEECH V35,72,75.0,11.0,104.16666666666667,15.277777777777779
BEECH V35A,30,17.0,8.0,56.666666666666664,26.666666666666668
BEECH V35B,130,81.0,28.0,62.30769230769231,21.53846153846154
BELL 206,152,123.0,47.0,80.92105263157895,30.92105263157895
BELL 206B,428,206.0,141.0,48.13084112149533,32.94392523364486
BELL 206B3,29,15.0,9.0,51.724137931034484,31.03448275862069
BELL 206L,31,17.0,11.0,54.83870967741935,35.483870967741936
BELL 206L-1,109,62.0,65.0,56.88073394495413,59.63302752293578
BELL 206L-3,87,48.0,49.0,55.172413793103445,56.32183908045977
BELL 212,39,56.0,28.0,143.5897435897436,71.7948717948718
BELL 407,117,97.0,51.0,82.90598290598291,43.58974358974359
BELL 412,30,37.0,25.0,123.33333333333334,83.33333333333334
BELL 47D1,39,9.0,11.0,23.076923076923077,28.205128205128204
BELL 47G,89,20.0,15.0,22.47191011235955,16.853932584269664
BELL 47G-2,61,7.0,6.0,11.475409836065573,9.836065573770492
BELL 47G-3B-1,58,6.0,12.0,10.344827586206897,20.689655172413794
BELL 47G-5,27,5.0,6.0,18.51851851851852,22.22222222222222
BELL OH-58A,33,6.0,8.0,18.181818181818183,24.242424242424242
BELL UH-1B,49,30.0,12.0,61.224489795918366,24.489795918367346
BELL UH-1H,41,66.0,19.0,160.97560975609758,46.34146341463415
BELLANCA 17-30,35,14.0,13.0,40.0,37.142857142857146
BELLANCA 17-30A,115,55.0,29.0,47.82608695652174,25.217391304347824
BELLANCA 7ECA,97,17.0,18.0,17.525773195876287,18.556701030927837
BELLANCA 7GCAA,27,9.0,3.0,33.33333333333333,11.11111111111111
BELLANCA 7GCBC,153,40.0,22.0,26.143790849673206,14.37908496732026
BELLANCA 7KCAB,55,11.0,8.0,20.0,14.545454545454545
BELLANCA 8GCBC,99,22.0,8.0,22.22222222222222,8.080808080808081
BELLANCA 8KCAB,94,40.0,19.0,42.5531914893617,20.212765957446805
BOEING 737,125,1348.0,325.0,1078.4,260.0
BOEING 737-200,32,906.0,78.0,2831.25,243.75
BOEING 737-300,30,167.0,24.0,556.6666666666666,80.0
BOEING 747,34,6.0,25.0,17.647058823529413,73.52941176470588
BOEING 777,27,0.0,0.0,0.0,0.0
BOEING A75N1,84,5.0,21.0,5.952380952380952,25.0
BOEING A75N1(PT17),31,1.0,6.0,3.225806451612903,19.35483870967742
BOEING B75N1,41,3.0,7.0,7.317073170731707,17.073170731707318
BOEING E75,32,2.0,1.0,6.25,3.125
CESSNA 120,140,19.0,20.0,13.571428571428571,14.285714285714285
CESSNA 140,345,38.0,50.0,11.014492753623188,14.492753623188406
CESSNA 140A,34,6.0,1.0,17.647058823529413,2.941176470588235
CESSNA 150,651,107.0,91.0,16.43625192012289,13.978494623655912
CESSNA 150C,29,3.0,5.0,10.344827586206897,17.24137931034483
CESSNA 150D,45,7.0,8.0,15.555555555555555,17.77777777777778
CESSNA 150E,62,12.0,15.0,19.35483870967742,24.193548387096776
CESSNA 150F,230,51.0,46.0,22.17391304347826,20.0
CESSNA 150G,202,44.0,42.0,21.782178217821784,20.792079207920793
CESSNA 150H,206,38.0,49.0,18.446601941747574,23.78640776699029
CESSNA 150J,198,46.0,37.0,23.232323232323232,18.68686868686869
CESSNA 150K,90,12.0,12.0,13.333333333333334,13.333333333333334
CESSNA 150L,390,104.0,78.0,26.666666666666668,20.0
CESSNA 150M,483,85.0,60.0,17.598343685300208,12.422360248447205
CESSNA 152,1920,325.0,175.0,16.927083333333336,9.114583333333332
CESSNA 170,144,21.0,20.0,14.583333333333334,13.88888888888889
CESSNA 170A,126,29.0,13.0,23.015873015873016,10.317460317460316
CESSNA 170B,341,49.0,40.0,14.369501466275661,11.730205278592376
CESSNA 172,1499,352.0,279.0,23.482321547698465,18.612408272181455
CESSNA 172A,54,9.0,15.0,16.666666666666664,27.77777777777778
CESSNA 172B,67,12.0,16.0,17.91044776119403,23.88059701492537
CESSNA 172C,42,15.0,13.0,35.714285714285715,30.952380952380953
CESSNA 172D,69,20.0,15.0,28.985507246376812,21.73913043478261
CESSNA 172E,86,15.0,20.0,17.441860465116278,23.25581395348837
CESSNA 172F,116,19.0,26.0,16.379310344827587,22.413793103448278
CESSNA 172G,118,29.0,22.0,24.576271186440678,18.64406779661017
CESSNA 172H,149,39.0,29.0,26.174496644295303,19.463087248322147
CESSNA 172I,47,13.0,9.0,27.659574468085108,19.148936170212767
CESSNA 172K,196,62.0,33.0,31.63265306122449,16.83673469387755
CESSNA 172L,135,32.0,25.0,23.703703703703706,18.51851851851852
CESSNA 172M,693,204.0,151.0,29.43722943722944,21.78932178932179
CESSNA 172N,990,366.0,168.0,36.96969696969697,16.969696969696972
CESSNA 172P,599,207.0,100.0,34.5575959933222,16.69449081803005
CESSNA 172R,166,29.0,18.0,17.46987951807229,10.843373493975903
CESSNA 172RG,211,81.0,42.0,38.388625592417064,19.90521327014218
CESSNA 172S,360,76.0,41.0,21.11111111111111,11.38888888888889
CESSNA 175,137,30.0,33.0,21.897810218978105,24.087591240875913
CESSNA 175A,30,14.0,4.0,46.666666666666664,13.333333333333334
CESSNA 177,256,81.0,68.0,31.640625,26.5625
CESSNA 177A,34,8.0,10.0,23.52941176470588,29.411764705882355
CESSNA 177B,131,53.0,25.0,40.458015267175576,19.083969465648856
CESSNA 177RG,202,85.0,52.0,42.07920792079208,25.742574257425744
CESSNA 180,542,74.0,65.0,13.653136531365314,11.992619926199263
CESSNA 180A,49,3.0,3.0,6.122448979591836,6.122448979591836
CESSNA 180B,30,10.0,6.0,33.33333333333333,20.0
CESSNA 180H,86,10.0,9.0,11.627906976744185,10.465116279069768
CESSNA 180J,71,8.0,2.0,11.267605633802818,2.8169014084507045
CESSNA 180K,70,12.0,11.0,17.142857142857142,15.714285714285714
CESSNA 182,567,196.0,114.0,34.5679012345679,20.105820105820104
CESSNA 182A,181,36.0,48.0,19.88950276243094,26.519337016574585
CESSNA 182B,72,31.0,15.0,43.05555555555556,20.833333333333336
CESSNA 182C,71,31.0,16.0,43.66197183098591,22.535211267605636
CESSNA 182D,51,24.0,9.0,47.05882352941176,17.647058823529413
CESSNA 182E,67,26.0,11.0,38.80597014925373,16.417910447761194
CESSNA 182F,55,19.0,18.0,34.54545454545455,32.72727272727273
CESSNA 182G,68,32.0,22.0,47.05882352941176,32.35294117647059
CESSNA 182H,58,18.0,15.0,31.03448275862069,25.862068965517242
CESSNA 182J,72,28.0,22.0,38.88888888888889,30.555555555555557
CESSNA 182K,63,12.0,18.0,19.047619047619047,28.57142857142857
CESSNA 182L,67,31.0,19.0,46.26865671641791,28.35820895522388
CESSNA 182M,63,21.0,9.0,33.33333333333333,14.285714285714285
CESSNA 182N,63,20.0,18.0,31.746031746031743,28.57142857142857
CESSNA 182P,294,115.0,57.0,39.1156462585034,19.387755102040817
CESSNA 182Q,225,92.0,31.0,40.88888888888889,13.777777777777779
CESSNA 182R,94,67.0,6.0,71.27659574468085,6.382978723404255
CESSNA 182RG,50,11.0,14.0,22.0,28.000000000000004
CESSNA 182S,54,19.0,4.0,35.18518518518518,7.4074074074074066
CESSNA 182T,48,19.0,4.0,39.58333333333333,8.333333333333332
CESSNA 185,240,64.0,22.0,26.666666666666668,9.166666666666666
CESSNA 185E,33,6.0,4.0,18.181818181818183,12.121212121212121
CESSNA 185F,94,9.0,5.0,9.574468085106384,5.319148936170213
CESSNA 188,85,10.0,9.0,11.76470588235294,10.588235294117647
CESSNA 188B,67,7.0,4.0,10.44776119402985,5.970149253731343
CESSNA 195,90,21.0,9.0,23.333333333333332,10.0
CESSNA 195A,34,4.0,4.0,11.76470588235294,11.76470588235294
CESSNA 205,28,37.0,6.0,132.14285714285714,21.428571428571427
CESSNA 206,182,92.0,27.0,50.54945054945055,14.835164835164836
CESSNA 206G,25,5.0,8.0,20.0,32.0
CESSNA 207,161,58.0,42.0,36.024844720496894,26.08695652173913
CESSNA 207A,77,28.0,23.0,36.36363636363637,29.87012987012987
CESSNA 208,94,133.0,43.0,141.48936170212767,45.744680851063826
CESSNA 208B,178,214.0,86.0,120.2247191011236,48.31460674157304
CESSNA 210,218,97.0,33.0,44.4954128440367,15.137614678899084
CESSNA 210A,30,5.0,5.0,16.666666666666664,16.666666666666664
CESSNA 210B,28,17.0,6.0,60.71428571428571,21.428571428571427
CESSNA 210D,37,14.0,7.0,37.83783783783784,18.91891891891892
CESSNA 210E,27,16.0,8.0,59.25925925925925,29.629629629629626
CESSNA 210L,108,44.0,34.0,40.74074074074074,31.48148148148148
CESSNA 210M,55,36.0,9.0,65.45454545454545,16.363636363636363
CESSNA 210N,44,33.0,4.0,75.0,9.090909090909092
CESSNA 305A,71,8.0,6.0,11.267605633802818,8.450704225352112
CESSNA 310,72,50.0,8.0,69.44444444444444,11.11111111111111
CESSNA 310J,25,3.0,7.0,12.0,28.000000000000004
CESSNA 310N,27,22.0,3.0,81.48148148148148,11.11111111111111
CESSNA 310Q,71,42.0,16.0,59.154929577464785,22.535211267605636
CESSNA 310R,100,82.0,24.0,82.0,24.0
CESSNA 337,30,26.0,4.0,86.66666666666667,13.333333333333334
CESSNA 340,57,60.0,3.0,105.26315789473684,5.263157894736842
CESSNA 340A,91,96.0,11.0,105.4945054945055,12.087912087912088
CESSNA 401,32,38.0,4.0,118.75,12.5
CESSNA 402,42,30.0,8.0,71.42857142857143,19.047619047619047
CESSNA 402B,113,98.0,33.0,86.72566371681415,29.20353982300885
CESSNA 402C,86,56.0,10.0,65.11627906976744,11.627906976744185
CESSNA 404,31,40.0,11.0,129.03225806451613,35.483870967741936
CESSNA 414,82,79.0,28.0,96.34146341463415,34.146341463414636
CESSNA 414A,38,36.0,6.0,94.73684210526315,15.789473684210526
CESSNA 421,55,52.0,17.0,94.54545454545455,30.909090909090907
CESSNA 421B,87,85.0,42.0,97.70114942528735,48.275862068965516
CESSNA 421C,108,129.0,36.0,119.44444444444444,33.33333333333333
CESSNA 425,28,37.0,8.0,132.14285714285714,28.57142857142857
CESSNA 441,39,57.0,4.0,146.15384615384613,10.256410256410255
CESSNA 501,25,34.0,6.0,136.0,24.0
CESSNA 525,34,37.0,6.0,108.8235294117647,17.647058823529413
CESSNA 550,48,39.0,24.0,81.25,50.0
CESSNA 560,28,27.0,5.0,96.42857142857143,17.857142857142858
CESSNA A185,65,7.0,11.0,10.76923076923077,16.923076923076923
CESSNA A185E,58,6.0,6.0,10.344827586206897,10.344827586206897
CESSNA A185F,244,64.0,37.0,26.229508196721312,15.163934426229508
CESSNA A188,36,12.0,4.0,33.33333333333333,11.11111111111111
CESSNA A188B,256,34.0,33.0,13.28125,12.890625
CESSNA P210,38,22.0,8.0,57.89473684210527,21.052631578947366
CESSNA P210N,163,98.0,54.0,60.122699386503065,33.12883435582822
CESSNA R172K,80,33.0,16.0,41.25,20.0
CESSNA R182,107,48.0,14.0,44.85981308411215,13.084112149532709
CESSNA T182T,35,13.0,12.0,37.142857142857146,34.285714285714285
CESSNA T188C,75,5.0,6.0,6.666666666666667,8.0
CESSNA T206H,46,27.0,11.0,58.69565217391305,23.91304347826087
CESSNA T207A,28,22.0,25.0,78.57142857142857,89.28571428571429
CESSNA T210,67,32.0,22.0,47.76119402985074,32.83582089552239
CESSNA T210L,151,91.0,43.0,60.264900662251655,28.47682119205298
CESSNA T210M,149,62.0,30.0,41.61073825503356,20.13422818791946
CESSNA T210N,205,111.0,52.0,54.146341463414636,25.365853658536587
CESSNA T303,29,27.0,11.0,93.10344827586206,37.93103448275862
CESSNA T310R,36,24.0,5.0,66.66666666666666,13.88888888888889
CESSNA T337G,26,32.0,13.0,123.07692307692308,50.0
CESSNA TR182,94,51.0,14.0,54.25531914893617,14.893617021276595
CESSNA TU206G,63,47.0,11.0,74.60317460317461,17.46031746031746
CESSNA U206,75,62.0,23.0,82.66666666666667,30.666666666666664
CESSNA U206F,74,87.0,15.0,117.56756756756756,20.27027027027027
CESSNA U206G,100,99.0,52.0,99.0,52.0
CHAMPION 7EC,46,12.0,11.0,26.08695652173913,23.91304347826087
CHAMPION 7ECA,124,27.0,26.0,21.774193548387096,20.967741935483872
CHAMPION 7FC,29,3.0,5.0,10.344827586206897,17.24137931034483
CHAMPION 7GCAA,43,8.0,7.0,18.6046511627907,16.27906976744186
CHAMPION 7GCBC,60,12.0,6.0,20.0,10.0
CHAMPION 7KCAB,48,16.0,3.0,33.33333333333333,6.25
CIRRUS DESIGN CORP SR20,50,26.0,14.0,52.0,28.000000000000004
CIRRUS DESIGN CORP SR22,142,84.0,34.0,59.154929577464785,23.943661971830984
CIRRUS DESIGN CORP. SR22,33,19.0,7.0,57.57575757575758,21.21212121212121
CIRRUS SR20,26,22.0,5.0,84.61538461538461,19.230769230769234
CIRRUS SR22,97,60.0,35.0,61.855670103092784,36.08247422680412
DE HAVILLAND DHC-2,120,90.0,23.0,75.0,19.166666666666668
DE HAVILLAND DHC-3,29,11.0,15.0,37.93103448275862,51.724137931034484
ENSTROM 280C,29,5.0,5.0,17.24137931034483,17.24137931034483
ENSTROM F-28A,34,2.0,3.0,5.88235294117647,8.823529411764707
ENSTROM F-28C,43,1.0,9.0,2.3255813953488373,20.930232558139537
ERCOUPE (ENG & RESEARCH CORP.) 415-C,67,11.0,8.0,16.417910447761194,11.940298507462686
ERCOUPE (ENG & RESEARCH CORP.) 415C,25,7.0,3.0,28.000000000000004,12.0
ERCOUPE 415-C,28,9.0,10.0,32.142857142857146,35.714285714285715
EUROCOPTER AS 350 B2,27,20.0,9.0,74.07407407407408,33.33333333333333
FAIRCHILD HILLER FH-1100,26,17.0,11.0,65.38461538461539,42.30769230769231
GLOBE GC-1B,56,17.0,13.0,30.357142857142854,23.214285714285715
GREAT LAKES 2T-1A-2,32,1.0,4.0,3.125,12.5
GRUMMAN AA-5A,26,6.0,11.0,23.076923076923077,42.30769230769231
GRUMMAN AMERICAN AA-1B,28,6.0,6.0,21.428571428571427,21.428571428571427
GRUMMAN AMERICAN AA-5,27,26.0,4.0,96.29629629629629,14.814814814814813
GRUMMAN AMERICAN AA-5A,31,16.0,5.0,51.61290322580645,16.129032258064516
GRUMMAN AMERICAN AA-5B,40,25.0,7.0,62.5,17.5
GRUMMAN G-164,75,3.0,7.0,4.0,9.333333333333334
GRUMMAN G-164A,267,16.0,27.0,5.992509363295881,10.112359550561797
GRUMMAN G-164B,148,11.0,10.0,7.4324324324324325,6.756756756756757
GRUMMAN G164,41,5.0,10.0,12.195121951219512,24.390243902439025
GRUMMAN-SCHWEIZER G-164A,49,0.0,3.0,0.0,6.122448979591836
GRUMMAN-SCHWEIZER G-164B,62,5.0,6.0,8.064516129032258,9.67741935483871
HELIO H-295,32,6.0,6.0,18.75,18.75
HILLER UH-12E,130,11.0,29.0,8.461538461538462,22.30769230769231
HUGHES 269A,92,11.0,22.0,11.956521739130435,23.91304347826087
HUGHES 269B,52,10.0,9.0,19.230769230769234,17.307692307692307
HUGHES 269C,158,29.0,29.0,18.354430379746837,18.354430379746837
HUGHES 369,40,18.0,7.0,45.0,17.5
HUGHES 369D,183,41.0,54.0,22.404371584699454,29.508196721311474
HUGHES 369E,29,10.0,13.0,34.48275862068966,44.827586206896555
HUGHES 369HS,70,27.0,18.0,38.57142857142858,25.71428571428571
HUGHES OH-6A,35,9.0,14.0,25.71428571428571,40.0
LAKE LA-4,25,6.0,7.0,24.0,28.000000000000004
LAKE LA-4-200,57,15.0,16.0,26.31578947368421,28.07017543859649
LEARJET 35A,28,43.0,3.0,153.57142857142858,10.714285714285714
LET BLANIK L-13,34,0.0,10.0,0.0,29.411764705882355
LET L-13,37,3.0,5.0,8.108108108108109,13.513513513513514
LUSCOMBE 8,46,5.0,16.0,10.869565217391305,34.78260869565217
LUSCOMBE 8A,181,32.0,29.0,17.67955801104972,16.022099447513813
LUSCOMBE 8E,69,12.0,11.0,17.391304347826086,15.942028985507244
LUSCOMBE 8F,30,3.0,2.0,10.0,6.666666666666667
MAULE M-4-220C,33,1.0,4.0,3.0303030303030303,12.121212121212121
MAULE M-5-210C,25,4.0,1.0,16.0,4.0
MAULE M-5-235C,53,22.0,6.0,41.509433962264154,11.320754716981133
MAULE M-7-235,27,5.0,2.0,18.51851851851852,7.4074074074074066
MCDONNELL DOUGLAS 369E,34,7.0,17.0,20.588235294117645,50.0
MCDONNELL DOUGLAS MD-11,30,5.0,71.0,16.666666666666664,236.66666666666666
MOONEY AIRCRAFT CORP. M20K,27,7.0,1.0,25.925925925925924,3.7037037037037033
MOONEY M20,39,13.0,14.0,33.33333333333333,35.8974358974359
MOONEY M20C,186,83.0,46.0,44.623655913978496,24.731182795698924
MOONEY M20E,121,63.0,21.0,52.066115702479344,17.355371900826448
MOONEY M20F,133,82.0,28.0,61.65413533834586,21.052631578947366
MOONEY M20J,249,136.0,45.0,54.61847389558233,18.072289156626507
MOONEY M20K,124,78.0,12.0,62.903225806451616,9.67741935483871
MOONEY M20M,41,23.0,6.0,56.09756097560976,14.634146341463413
MOONEY M20R,35,14.0,2.0,40.0,5.714285714285714
NORTH AMERICAN NAVION,29,11.0,3.0,37.93103448275862,10.344827586206897
NORTH AMERICAN SNJ-5,26,12.0,6.0,46.15384615384615,23.076923076923077
PIPER J-3,56,10.0,5.0,17.857142857142858,8.928571428571429
PIPER J3,29,3.0,3.0,10.344827586206897,10.344827586206897
PIPER J3C,49,13.0,11.0,26.53061224489796,22.448979591836736
PIPER J3C-65,191,42.0,63.0,21.98952879581152,32.98429319371728
PIPER J5A,27,9.0,6.0,33.33333333333333,22.22222222222222
PIPER PA 12,37,2.0,3.0,5.405405405405405,8.108108108108109
PIPER PA 18,27,0.0,7.0,0.0,25.925925925925924
PIPER PA 18-150,59,8.0,12.0,13.559322033898304,20.33898305084746
PIPER PA 28-140,32,7.0,14.0,21.875,43.75
PIPER PA 28-180,32,17.0,12.0,53.125,37.5
PIPER PA 28-181,26,8.0,7.0,30.76923076923077,26.923076923076923
PIPER PA 46-350P,31,21.0,0.0,67.74193548387096,0.0
PIPER PA-11,53,12.0,7.0,22.641509433962266,13.20754716981132
PIPER PA-12,278,59.0,27.0,21.223021582733814,9.712230215827338
PIPER PA-14,37,4.0,6.0,10.81081081081081,16.216216216216218
PIPER PA-16,38,8.0,10.0,21.052631578947366,26.31578947368421
PIPER PA-18,505,73.0,54.0,14.455445544554454,10.693069306930694
PIPER PA-18-135,56,17.0,9.0,30.357142857142854,16.071428571428573
PIPER PA-18-150,503,88.0,70.0,17.495029821073558,13.916500994035786
PIPER PA-18-160,31,1.0,2.0,3.225806451612903,6.451612903225806
PIPER PA-18A,39,9.0,11.0,23.076923076923077,28.205128205128204
PIPER PA-18A-150,32,7.0,8.0,21.875,25.0
PIPER PA-20,108,11.0,7.0,10.185185185185185,6.481481481481481
PIPER PA-22,160,18.0,28.0,11.25,17.5
PIPER PA-22-108,80,11.0,18.0,13.750000000000002,22.5
PIPER PA-22-135,64,16.0,18.0,25.0,28.125
PIPER PA-22-150,237,52.0,51.0,21.940928270042196,21.518987341772153
PIPER PA-22-160,86,9.0,13.0,10.465116279069768,15.11627906976744
PIPER PA-23,32,22.0,8.0,68.75,25.0
PIPER PA-23-150,33,17.0,11.0,51.515151515151516,33.33333333333333
PIPER PA-23-160,62,27.0,20.0,43.54838709677419,32.25806451612903
PIPER PA-23-250,258,226.0,35.0,87.59689922480621,13.565891472868216
PIPER PA-24,50,14.0,9.0,28.000000000000004,18.0
PIPER PA-24-180,82,55.0,14.0,67.07317073170732,17.073170731707318
PIPER PA-24-250,304,156.0,64.0,51.31578947368421,21.052631578947366
PIPER PA-24-260,96,64.0,13.0,66.66666666666666,13.541666666666666
PIPER PA-25,45,11.0,8.0,24.444444444444443,17.77777777777778
PIPER PA-25-235,203,34.0,37.0,16.748768472906402,18.226600985221676
PIPER PA-25-260,38,7.0,8.0,18.421052631578945,21.052631578947366
PIPER PA-28,128,36.0,27.0,28.125,21.09375
PIPER PA-28-140,767,275.0,217.0,35.853976531942635,28.292046936114733
PIPER PA-28-151,148,49.0,37.0,33.108108108108105,25.0
PIPER PA-28-160,64,27.0,25.0,42.1875,39.0625
PIPER PA-28-161,479,157.0,86.0,32.77661795407098,17.954070981210858
PIPER PA-28-180,499,229.0,149.0,45.89178356713427,29.859719438877757
PIPER PA-28-181,457,333.0,89.0,72.86652078774617,19.474835886214443
PIPER PA-28-235,157,76.0,44.0,48.40764331210191,28.02547770700637
PIPER PA-28-236,53,32.0,8.0,60.37735849056604,15.09433962264151
PIPER PA-28R-180,98,71.0,21.0,72.44897959183673,21.428571428571427
PIPER PA-28R-200,283,171.0,58.0,60.42402826855123,20.49469964664311
PIPER PA-28R-201,72,25.0,13.0,34.72222222222222,18.055555555555554
PIPER PA-28R-201T,60,26.0,13.0,43.333333333333336,21.666666666666668
PIPER PA-28RT-201,50,34.0,11.0,68.0,22.0
PIPER PA-28RT-201T,54,27.0,12.0,50.0,22.22222222222222
PIPER PA-30,185,107.0,35.0,57.83783783783784,18.91891891891892
PIPER PA-31,43,26.0,6.0,60.46511627906976,13.953488372093023
PIPER PA-31-310,33,23.0,13.0,69.6969696969697,39.39393939393939
PIPER PA-31-325,27,30.0,11.0,111.11111111111111,40.74074074074074
PIPER PA-31-350,233,201.0,38.0,86.26609442060087,16.30901287553648
PIPER PA-31T,34,54.0,1.0,158.8235294117647,2.941176470588235
PIPER PA-32,43,19.0,10.0,44.18604651162791,23.25581395348837
PIPER PA-32-260,192,150.0,88.0,78.125,45.83333333333333
PIPER PA-32-300,306,178.0,83.0,58.16993464052288,27.124183006535947
PIPER PA-32-301,63,42.0,7.0,66.66666666666666,11.11111111111111
PIPER PA-32R,25,8.0,2.0,32.0,8.0
PIPER PA-32R-300,154,122.0,41.0,79.22077922077922,26.623376623376622
PIPER PA-32R-301,60,60.0,6.0,100.0,10.0
PIPER PA-32R-301T,79,68.0,11.0,86.07594936708861,13.924050632911392
PIPER PA-32RT-300,60,50.0,24.0,83.33333333333334,40.0
PIPER PA-32RT-300T,69,35.0,27.0,50.72463768115942,39.130434782608695
PIPER PA-34,27,33.0,2.0,122.22222222222223,7.4074074074074066
PIPER PA-34-200,97,43.0,13.0,44.329896907216494,13.402061855670103
PIPER PA-34-200T,171,111.0,24.0,64.91228070175438,14.035087719298245
PIPER PA-34-220T,63,46.0,12.0,73.01587301587301,19.047619047619047
PIPER PA-36-285,27,4.0,3.0,14.814814814814813,11.11111111111111
PIPER PA-36-300,25,6.0,2.0,24.0,8.0
PIPER PA-38,36,6.0,3.0,16.666666666666664,8.333333333333332
PIPER PA-38-112,338,79.0,49.0,23.37278106508876,14.497041420118343
PIPER PA-44-180,93,46.0,13.0,49.46236559139785,13.978494623655912
PIPER PA-46-310P,83,72.0,24.0,86.74698795180723,28.915662650602407
PIPER PA-46-350P,71,48.0,18.0,67.6056338028169,25.352112676056336
PIPER PA18,90,7.0,16.0,7.777777777777778,17.77777777777778
PIPER PA22,48,8.0,15.0,16.666666666666664,31.25
PIPER PA23,25,21.0,2.0,84.0,8.0
PIPER PA24,37,13.0,10.0,35.13513513513514,27.027027027027028
PIPER PA25,27,22.0,2.0,81.48148148148148,7.4074074074074066
PIPER PA28,267,120.0,67.0,44.9438202247191,25.0936329588015
PIPER PA28-140,28,11.0,4.0,39.285714285714285,14.285714285714285
PIPER PA28R,69,31.0,10.0,44.927536231884055,14.492753623188406
PIPER PA31,27,39.0,10.0,144.44444444444443,37.03703703703704
PIPER PA32,62,33.0,18.0,53.2258064516129,29.03225806451613
PIPER PA32R,38,31.0,8.0,81.57894736842105,21.052631578947366
PIPER PA34,46,56.0,17.0,121.73913043478262,36.95652173913043
PIPER PA46,55,30.0,10.0,54.54545454545454,18.181818181818183
PITTS S-2B,26,11.0,5.0,42.30769230769231,19.230769230769234
ROBINSON HELICOPTER COMPANY R44 II,142,35.0,57.0,24.647887323943664,40.140845070422536
ROBINSON HELICOPTER R22 BETA,116,20.0,45.0,17.24137931034483,38.793103448275865
ROBINSON HELICOPTER R44,77,25.0,25.0,32.467532467532465,32.467532467532465
ROBINSON R-22,108,23.0,10.0,21.296296296296298,9.25925925925926
ROBINSON R-22 BETA,51,26.0,6.0,50.98039215686274,11.76470588235294
ROBINSON R-22B,74,8.0,4.0,10.81081081081081,5.405405405405405
ROBINSON R-44,45,41.0,13.0,91.11111111111111,28.888888888888886
ROBINSON R22,199,66.0,34.0,33.165829145728644,17.08542713567839
ROBINSON R22 BETA,149,32.0,17.0,21.476510067114095,11.409395973154362
ROBINSON R22B,48,15.0,7.0,31.25,14.583333333333334
ROBINSON R44,248,237.0,74.0,95.56451612903226,29.838709677419356
ROBINSON R44 II,33,30.0,17.0,90.9090909090909,51.515151515151516
ROBINSON R66,29,36.0,4.0,124.13793103448276,13.793103448275861
ROCKWELL S-2R,78,8.0,8.0,10.256410256410255,10.256410256410255
ROCKWELL S2R,32,2.0,2.0,6.25,6.25
RYAN NAVION,34,8.0,15.0,23.52941176470588,44.11764705882353
SCHWEIZER 269C,151,27.0,43.0,17.880794701986755,28.47682119205298
SCHWEIZER 269C-1,41,3.0,9.0,7.317073170731707,21.951219512195124
SCHWEIZER G-164B,92,6.0,10.0,6.521739130434782,10.869565217391305
SCHWEIZER SGS 2-33A,62,1.0,10.0,1.6129032258064515,16.129032258064516
SOCATA TBM 700,35,41.0,6.0,117.14285714285715,17.142857142857142
STINSON 108,86,8.0,28.0,9.30232558139535,32.55813953488372
STINSON 108-1,76,9.0,8.0,11.842105263157894,10.526315789473683
STINSON 108-2,72,17.0,24.0,23.61111111111111,33.33333333333333
STINSON 108-3,85,11.0,17.0,12.941176470588237,20.0
TAYLORCRAFT BC-12D,37,6.0,9.0,16.216216216216218,24.324324324324326
TAYLORCRAFT BC12-D,104,22.0,30.0,21.153846153846153,28.846153846153843
WACO UPF-7,38,5.0,7.0,13.157894736842104,18.421052631578945
WSK PZL MIELEC M-18A,32,5.0,4.0,15.625,12.5
